,!ENDCUSTNAMEDICT
0,CUSTNAMEDICT
1,CUSTNAMEDICT
2,CUSTNAMEDICT
3,CUSTNAMEDICT
4,CUSTNAMEDICT
5,CUSTNAMEDICT
6,CUSTNAMEDICT
7,CUSTNAMEDICT
8,CUSTNAMEDICT
9,CUSTNAMEDICT
10,CUSTNAMEDICT
11,CUSTNAMEDICT
12,CUSTNAMEDICT
13,CUSTNAMEDICT
14,CUSTNAMEDICT
15,CUSTNAMEDICT
16,CUSTNAMEDICT
17,CUSTNAMEDICT
18,CUSTNAMEDICT
19,CUSTNAMEDICT
20,CUSTNAMEDICT
21,CUSTNAMEDICT
22,CUSTNAMEDICT
23,CUSTNAMEDICT
24,CUSTNAMEDICT
25,CUSTNAMEDICT
26,CUSTNAMEDICT
27,CUSTNAMEDICT
28,CUSTNAMEDICT
29,CUSTNAMEDICT
30,ENDCUSTNAMEDICT
